arm,seed,n_features,n_train,n_test,auroc,auprc,t50_threshold,t50_accuracy,t50_precision,t50_recall,t50_f1,t50_fpr,t50_tn,t50_fp,t50_fn,t50_tp,tfpr_threshold,tfpr_accuracy,tfpr_precision,tfpr_recall,tfpr_f1,tfpr_fpr,tfpr_tn,tfpr_fp,tfpr_fn,tfpr_tp
full_16,42,16,66015,18338,0.9543704127298496,0.9542031366477175,0.5,0.8870105791253136,0.8825876010781671,0.8927909259461229,0.8876599436130991,0.11876976769549569,8080,1089,983,8186,0.7532446116209025,0.8641073181372014,0.9338531513970111,0.7837277783836841,0.8522296015180265,0.05551314210928127,8660,509,1983,7186
drop_perplexity,42,10,66015,18338,0.9268570005141277,0.9215012192983267,0.5,0.850583487839459,0.8391180504272603,0.867488275711637,0.853067353067353,0.16632130003271894,7644,1525,1215,7954,0.8235357075929638,0.7936525248118661,0.9254226576078369,0.6387828552732032,0.7558394631565363,0.05147780564947104,8697,472,3312,5857
only_perplexity,42,6,66015,18338,0.7692891094184563,0.7903010822959684,0.5,0.6922783291525794,0.716319018404908,0.6367106554695169,0.6741728737225013,0.25215399716435816,6857,2312,3331,5838,0.7427736937999725,0.6525248118660705,0.8762442830239441,0.3552186716108627,0.5055098556573026,0.05016904787872178,8709,460,5912,3257
drop_stylometric,42,10,66015,18338,0.8120422498429624,0.8310291089161137,0.5,0.72450648925728,0.7561916614810206,0.6626676845893773,0.7063473610788189,0.21365470607481732,7210,1959,3093,6076,0.7155745714902869,0.6913512923982986,0.8855196660074709,0.43952448467662775,0.5874635568513119,0.05682189988003054,8648,521,5139,4030
only_stylometric,42,6,66015,18338,0.9070990260193458,0.894588705365811,0.5,0.8298069582288145,0.8136929460580913,0.8554913294797688,0.8340687968525706,0.19587741302213982,7373,1796,1325,7844,0.8324649482965463,0.7468644345075799,0.910575004534736,0.547497000763442,0.6838305407982563,0.05376813174828225,8676,493,4149,5020
drop_distribution,42,12,66015,18338,0.9469662335190079,0.9463186691471018,0.5,0.876158795942851,0.8699849817635701,0.8845021267313775,0.8771834946730842,0.13218453484567563,7957,1212,1059,8110,0.7639879673719405,0.8499291089540845,0.9310761789600968,0.7558076126076999,0.834336624127137,0.05594939469953103,8656,513,2239,6930
only_distribution,42,4,66015,18338,0.6656315282587444,0.6808427554653607,0.5,0.6150616206783728,0.6401434643995749,0.5255753081033918,0.577229442414805,0.2954520667466463,6460,2709,4350,4819,0.7447782307863232,0.5807612607699858,0.8115271350441733,0.21038281164794417,0.33414169409319244,0.048860290107972514,8721,448,7240,1929
full_16,43,16,66015,18338,0.9562657491960829,0.9557214744001867,0.5,0.8872832369942196,0.8844737981810308,0.8909368524375614,0.8876935615321924,0.11637037844912204,8102,1067,1000,8169,0.7892066061496732,0.8568546188242993,0.9421621621621622,0.7603882648053223,0.8415716096324461,0.04667902715672374,8741,428,2197,6972
drop_perplexity,43,10,66015,18338,0.928181691329501,0.9208497060775551,0.5,0.8523830297742393,0.8437965524579698,0.8648707601701385,0.8542036947272041,0.16010470062165993,7701,1468,1239,7930,0.8246092766523355,0.7886356200239939,0.9277517375141425,0.6260224670083978,0.7475905183641574,0.04875122696041008,8722,447,3429,5740
only_perplexity,43,6,66015,18338,0.7718600509874081,0.7934154270421347,0.5,0.6993674337441379,0.7218446601941747,0.6487076017013851,0.6833247171003504,0.2499727342131094,6877,2292,3221,5948,0.7537137120962134,0.6532882538990076,0.8791475586727813,0.3554367979059876,0.5062131096613856,0.048860290107972514,8721,448,5910,3259
drop_stylometric,43,10,66015,18338,0.813410130568773,0.8339876567066327,0.5,0.7296324571927146,0.7589472389619973,0.6730286836078089,0.7134104046242774,0.21376376922237975,7209,1960,2998,6171,0.7358111828565593,0.6887337768568,0.8962674604991986,0.4268731595593849,0.5783096926713948,0.04940560584578471,8716,453,5255,3914
only_stylometric,43,6,66015,18338,0.9096550455991367,0.8972692960994297,0.5,0.8320972843276256,0.8189149560117303,0.8527647507907078,0.8354971416359459,0.18857018213545643,7440,1729,1350,7819,0.835466334223747,0.747137092376486,0.9196296296296296,0.5416075907950704,0.6817214633811518,0.047333406042098375,8735,434,4203,4966
drop_distribution,43,12,66015,18338,0.9492358032438966,0.9484515347753548,0.5,0.8789399062056931,0.8753375823700983,0.8837386846984404,0.8795180722891566,0.1258588722870542,8015,1154,1066,8103,0.7965339779853812,0.8422401570509325,0.9392497200447928,0.7318137201439634,0.8226567768037761,0.047333406042098375,8735,434,2459,6710
only_distribution,43,4,66015,18338,0.6660735498125199,0.6837644605889341,0.5,0.613861926055186,0.6341557440246723,0.5382266332206348,0.5822665329479086,0.31050278111026286,6322,2847,4234,4935,0.7241161525249477,0.5874141127712946,0.8156754627806223,0.22586977860181046,0.35377519644687394,0.05104155305922129,8701,468,7098,2071
full_16,44,16,66015,18338,0.9520897035527096,0.9522927543604983,0.5,0.8841204057149089,0.8778969957081545,0.892354673355873,0.8850667964735789,0.12411386192605518,8031,1138,987,8182,0.8022770792245861,0.8485112880357727,0.9408194233687405,0.7438106663758316,0.8307954683883543,0.046788090304286184,8740,429,2349,6820
drop_perplexity,44,10,66015,18338,0.9235156644190825,0.916201082241838,0.5,0.8485112880357727,0.8386139663028505,0.8631257498091395,0.8506933247339568,0.16610317373759406,7646,1523,1255,7914,0.8235940098762512,0.790380630384993,0.9228203906622201,0.633765950485331,0.751454804086383,0.053004689715345187,8683,486,3358,5811
only_perplexity,44,6,66015,18338,0.7674114604754451,0.7877058424324878,0.5,0.6930417711855165,0.7172312223858616,0.6373650343548914,0.6749436969451984,0.25128149198385863,6865,2304,3325,5844,0.7495334804058075,0.6503980804886029,0.8778082191780822,0.34943832479005343,0.4998829861923707,0.04864216381284764,8723,446,5965,3204
drop_stylometric,44,10,66015,18338,0.8071687424567084,0.829296111335212,0.5,0.7231431999127494,0.7520946278955151,0.6657214527211255,0.7062771188892103,0.21943505289562656,7157,2012,3065,6104,0.7313955456018445,0.6861707928890828,0.8933179723502304,0.42283782309957463,0.5739877118957731,0.05049623732140909,8706,463,5292,3877
only_stylometric,44,6,66015,18338,0.9033494257282284,0.890486905235794,0.5,0.826698658523285,0.8119337706966573,0.8503653615443342,0.8307053057745578,0.1969680444977642,7363,1806,1372,7797,0.8386752188205718,0.7387392300141782,0.912241054613936,0.5283018867924528,0.6691069825264175,0.05082342676409641,8703,466,4325,4844
drop_distribution,44,12,66015,18338,0.9448871823277116,0.9450222783332819,0.5,0.8727778383684153,0.8679224973089343,0.8793761587959429,0.8736117882875563,0.13382048205911223,7942,1227,1106,8063,0.8086046963930126,0.8326971316392191,0.9351019825987733,0.7150179954193479,0.8103831891223733,0.049623732140909586,8714,455,2613,6556
only_distribution,44,4,66015,18338,0.6650312229985,0.6841302646167081,0.5,0.6121169156941869,0.6342737722048067,0.5296106445632021,0.5772362555720654,0.30537681317482823,6369,2800,4313,4856,0.7203271239995956,0.5903588177554804,0.8202551217626595,0.23143199912749482,0.36100714528751277,0.050714363616533975,8704,465,7047,2122
full_16,45,16,66015,18338,0.9538795809867378,0.9538880803371194,0.5,0.8830297742392845,0.8780409041980625,0.889628094666812,0.8837965220217779,0.12356854618824299,8036,1133,1012,8157,0.7779760003089904,0.8588722870542044,0.9396125584502338,0.767041116806631,0.8446018974420559,0.04929654269822227,8717,452,2136,7033
drop_perplexity,45,10,66015,18338,0.9250595758484352,0.9172069140152135,0.5,0.8485112880357727,0.8368293454200485,0.8658523284982005,0.8510934819897084,0.16882975242665504,7621,1548,1230,7939,0.8226780772209166,0.7922892354673355,0.9231133564887907,0.6376922237975788,0.7543056182674321,0.05311375286290762,8682,487,3322,5847
only_perplexity,45,6,66015,18338,0.7709215833590073,0.7909831556918119,0.5,0.6966408550550769,0.7213356248465504,0.6408550550768896,0.6787178746751371,0.24757334496673575,6899,2270,3293,5876,0.7350637793540954,0.6553604537026939,0.8668555240793201,0.3671065546951685,0.5157830217591174,0.05638564728978078,8652,517,5803,3366
drop_stylometric,45,10,66015,18338,0.8114976537387445,0.8316442187994028,0.5,0.7267968153560912,0.7583550751646168,0.6657214527211255,0.7090254384945986,0.21212782200894317,7224,1945,3065,6104,0.7386955261230468,0.6866615770531137,0.8953568953568953,0.4227287599520122,0.5743073047858942,0.04940560584578471,8716,453,5293,3876
only_stylometric,45,6,66015,18338,0.9053560556114286,0.8916522978004444,0.5,0.8305158686879703,0.8162370865073568,0.8530919402333952,0.8342576791808873,0.19206020285745445,7408,1761,1347,7822,0.8300781249999998,0.7491547606063911,0.9115474689245181,0.5518595266659396,0.6875,0.05355000545315738,8678,491,4109,5060
drop_distribution,45,12,66015,18338,0.94770568380054,0.9473809554069508,0.5,0.8744137855818519,0.8708945548833189,0.8791580325008179,0.8750067842605156,0.13033046133711418,7974,1195,1108,8061,0.7863553762435913,0.8444759515759624,0.9343969192683262,0.7409750245392082,0.8265206812652068,0.05202312138728324,8692,477,2375,6794
only_distribution,45,4,66015,18338,0.6641507423746109,0.6811834198785296,0.5,0.6121714472679681,0.6385558399568907,0.5169593194459592,0.5713596914175506,0.2926164249100229,6486,2683,4429,4740,0.7295828104019163,0.5838150289017341,0.8145722472370037,0.21703566364925292,0.3427488804684809,0.04940560584578471,8716,453,7179,1990
full_16,46,16,66015,18338,0.9523456492695465,0.9528753609753795,0.5,0.8822663322063474,0.8797399783315276,0.8855927582070019,0.8826566661231589,0.1210600937943069,8059,1110,1049,8120,0.7640690207481384,0.8603446395462973,0.9369214493520233,0.7727124004798779,0.846930846930847,0.05202312138728324,8692,477,2084,7085
drop_perplexity,46,10,66015,18338,0.923711981653126,0.9158893873016216,0.5,0.8471479986912422,0.8352643775015799,0.8648707601701385,0.849809784064727,0.17057476278765404,7605,1564,1239,7930,0.8301167905330655,0.7829098047769658,0.9224755700325733,0.6177336677936526,0.7399568881050362,0.0519140582397208,8693,476,3505,5664
only_perplexity,46,6,66015,18338,0.7655459798823039,0.7867701513069194,0.5,0.6921692660050169,0.721579476861167,0.625804340713273,0.6702879504701829,0.24146580870323917,6955,2214,3431,5738,0.7417522490024566,0.6554695168502563,0.8697795071335928,0.3656887337768568,0.5148955773955773,0.0547497000763442,8667,502,5816,3353
drop_stylometric,46,10,66015,18338,0.8087824880816485,0.8301249633767627,0.5,0.7234703893554368,0.7572827724761426,0.6577598429490675,0.7040214790171015,0.2108190642381939,7236,1933,3138,6031,0.7101325929164886,0.6916784818409859,0.8844891708597681,0.44094230559493947,0.5885007278020379,0.05758534191296761,8641,528,5126,4043
only_stylometric,46,6,66015,18338,0.9042364246861634,0.8915755394038685,0.5,0.8265350638019413,0.8105164903546982,0.8523284982004581,0.8308968156929456,0.19925837059657542,7342,1827,1354,7815,0.8332690775394436,0.7397753299160214,0.9110114040007478,0.5314647180717635,0.671304587408734,0.0519140582397208,8693,476,4296,4873
drop_distribution,46,12,66015,18338,0.9456949918533314,0.9460484470300168,0.5,0.8725597120732904,0.8688984881209503,0.8775220852873814,0.8731889956047534,0.13240266114080051,7955,1214,1123,8046,0.7804411470890044,0.8438215726905879,0.9332142366359764,0.7406478350965209,0.8258543110786818,0.053004689715345187,8683,486,2378,6791
only_distribution,46,4,66015,18338,0.6663048971446734,0.6842528707207824,0.5,0.6157159995637475,0.6408282452880276,0.5265568764314538,0.5780997425612165,0.295124877303959,6463,2706,4341,4828,0.7266727685928345,0.5873050496237321,0.812573213588442,0.22696041007743484,0.3548167092924126,0.052350310829970555,8689,480,7088,2081
