threshold,accuracy,precision,recall,f1,fpr,tn,fp,fn,tp,seed
0.05,0.7512814919838586,0.6698613978177529,0.9909477587523176,0.799366559626974,0.4883847747846003,4691,4478,83,9086,42
0.1,0.8060857236339841,0.7268245372989575,0.9808048860290108,0.8349271191161453,0.36863343876104265,5789,3380,176,8993,42
0.15,0.8335696368197186,0.7616114960225815,0.9710982658959537,0.8536912751677852,0.3039589922565165,6382,2787,265,8904,42
0.2,0.8525466244955829,0.7890031291908807,0.9624822772385211,0.8671514198683306,0.2573890282473552,6809,2360,344,8825,42
0.25,0.8666703021049188,0.8127441860465117,0.9528847202530265,0.8772528741402681,0.21954411604318902,7156,2013,432,8737,42
0.3,0.8731050278111027,0.8276819923371648,0.9424146580870324,0.8813300015299097,0.19620460246482713,7370,1799,528,8641,42
0.35,0.8783400588940997,0.8431935100910171,0.9295452066746647,0.88426622399751,0.17286508888646526,7584,1585,646,8523,42
0.4,0.8846657214527212,0.8600449162923642,0.9188570182135456,0.8884787766939098,0.1495255753081034,7798,1371,744,8425,42
0.45,0.8872287054204384,0.8725994333088467,0.9068600719816774,0.889399935822013,0.13240266114080051,7955,1214,854,8315,42
0.5,0.8870105791253136,0.8825876010781671,0.8927909259461229,0.8876599436130991,0.11876976769549569,8080,1089,983,8186,42
0.55,0.8866833896826263,0.8939006777024775,0.8775220852873814,0.8856356631810677,0.10415530592212892,8214,955,1123,8046,42
0.6,0.8840113425673465,0.9033218785796105,0.8600719816773912,0.8811665456170735,0.09204929654269822,8325,844,1283,7886,42
0.65,0.8807939797142545,0.9140282224593858,0.8406587414112772,0.8758095670946483,0.07907078198276803,8444,725,1461,7708,42
0.7,0.8752862907623514,0.9235598227474151,0.8183007961609772,0.8677499566298502,0.0677282146362744,8548,621,1666,7503,42
0.75,0.8646526338750137,0.9330397616889003,0.785690915039808,0.8530491415038485,0.05638564728978078,8652,517,1965,7204,42
0.8,0.8523830297742393,0.9430883159626988,0.7500272657868906,0.8355506955835004,0.04526120623841204,8754,415,2292,6877,42
0.85,0.8332969789508126,0.9534124629080118,0.7008397862362308,0.8078446162549501,0.03424582833460574,8855,314,2743,6426,42
0.9,0.7989966190424256,0.9661622173099813,0.6196968044497764,0.7550830564784053,0.021703566364925292,8970,199,3487,5682,42
0.95,0.7304504307994328,0.9804456571168713,0.47028029228923546,0.6356600574924449,0.009379430690369724,9083,86,4857,4312,42
0.05,0.7541171338204821,0.6723117881970123,0.9914930744901298,0.8012868538186947,0.48325880684916567,4738,4431,78,9091,43
0.1,0.8099574653724506,0.7307567392010393,0.9815683280619478,0.8377938096346288,0.36165339731704654,5853,3316,169,9000,43
0.15,0.840876867706402,0.7693235674278328,0.9737157814374523,0.8595359584095504,0.29196204602464826,6492,2677,241,8928,43
0.2,0.8593085396444541,0.7968820401910426,0.964445413894645,0.8726931806967334,0.24582833460573672,6915,2254,326,8843,43
0.25,0.8703784491220417,0.8170868347338935,0.9544116043189006,0.8804265808139242,0.21365470607481732,7210,1959,418,8751,43
0.3,0.878667248336787,0.8339746056175452,0.9455774893663431,0.886276514183491,0.18824299269276912,7443,1726,499,8670,43
0.35,0.8847202530265024,0.8492228492228492,0.9355436797905987,0.890295796574987,0.16610317373759406,7646,1523,591,8578,43
0.4,0.887392300141782,0.8623011015911872,0.9220198494928563,0.891161123702103,0.14723524920929218,7819,1350,715,8454,43
0.45,0.8880466790271567,0.873268988669744,0.9078416403097394,0.890219774343618,0.1317482822554259,7961,1208,845,8324,43
0.5,0.8872832369942196,0.8844737981810308,0.8909368524375614,0.8876935615321924,0.11637037844912204,8102,1067,1000,8169,43
0.55,0.885865416075908,0.894777951350145,0.8745773803031955,0.8845623517732061,0.10284654815137965,8226,943,1150,8019,43
0.6,0.8842840004362525,0.905046557075526,0.8586541607590795,0.8812402059547795,0.09008615988657433,8343,826,1296,7873,43
0.65,0.8794852219435053,0.9145716668652448,0.8371687206892791,0.8741601184375356,0.07819827680226851,8452,717,1493,7676,43
0.7,0.8745228487294143,0.9253158285855834,0.8148107754389792,0.866554543872876,0.06576507798015051,8566,603,1698,7471,43
0.75,0.8657432653506381,0.9352368591823491,0.7859090413349329,0.854095057484888,0.054422510633656884,8670,499,1963,7206,43
0.8,0.853037408659614,0.943546177034804,0.7510088341149526,0.8363393453573814,0.04493401679572472,8757,412,2283,6886,43
0.85,0.8345512051477806,0.9545117795228922,0.7025847965972298,0.8093981655986933,0.033482386301668665,8862,307,2727,6442,43
0.9,0.8007416294034246,0.9688828430539024,0.6214418148107754,0.7572093023255814,0.019958556003926275,8986,183,3471,5698,43
0.95,0.7282146362744029,0.9826989619377162,0.46460900861598864,0.6309241706161137,0.008179736067182898,9094,75,4909,4260,43
0.05,0.7445195768349875,0.6640567832577199,0.9897480641291307,0.7948324939785417,0.5007089104591559,4578,4591,94,9075,44
0.1,0.8029228923546734,0.7237213048731373,0.9799323808485113,0.8325611564121571,0.37408659613916456,5739,3430,184,8985,44
0.15,0.8325880684916567,0.7606187505341424,0.970662013305704,0.8528988979396263,0.30548587632239066,6368,2801,269,8900,44
0.2,0.8505289562656778,0.7865038331253343,0.9622641509433962,0.8655515769853338,0.26120623841204055,6774,2395,346,8823,44
0.25,0.86225324462864,0.8072902211120363,0.9516850256298397,0.8735609170087095,0.22717853637255972,7086,2083,443,8726,44
0.3,0.8700512596793544,0.8248133256748995,0.9396880793979714,0.8785113433596737,0.19958556003926273,7339,1830,553,8616,44
0.35,0.8756680117788199,0.8402647436530672,0.9276911331661032,0.8818162969106366,0.1763551096084633,7552,1617,663,8506,44
0.4,0.8803031955502236,0.8539382866423061,0.9175482604427964,0.8846012302192314,0.15694186934234922,7730,1439,756,8413,44
0.45,0.8824844585014724,0.8657697121401752,0.9053331879158032,0.8851095590979368,0.14036427091285855,7882,1287,868,8301,44
0.5,0.8841204057149089,0.8778969957081545,0.892354673355873,0.8850667964735789,0.12411386192605518,8031,1138,987,8182,44
0.55,0.8850474424691896,0.8909312368508471,0.8775220852873814,0.8841758241758242,0.10742720034900208,8184,985,1123,8046,44
0.6,0.8829207110917221,0.9019001831501832,0.8593085396444541,0.8800893605138229,0.09346711746100993,8312,857,1290,7879,44
0.65,0.8783400588940997,0.9112138454243718,0.8383684153124659,0.8732746378869639,0.08168829752426655,8420,749,1482,7687,44
0.7,0.8725597120732904,0.9205860625461709,0.8154651543243538,0.8648429818980973,0.07034573017777293,8524,645,1692,7477,44
0.75,0.8626894972188898,0.9303740132004659,0.7840549678263715,0.8509706439393939,0.058675973388592,8631,538,1980,7189,44
0.8,0.8487839459046788,0.9397689768976898,0.7453375504417058,0.8313362934128095,0.04776965863234813,8731,438,2335,6834,44
0.85,0.8286617951794089,0.9497089986569168,0.6940778710873596,0.8020163831127914,0.036754280728541824,8832,337,2805,6364,44
0.9,0.7960519140582397,0.9629882312809142,0.6157705311375287,0.7511974454497073,0.023666703021049187,8952,217,3523,5646,44
0.95,0.7295233940451521,0.9810285714285715,0.4680990293379867,0.6337861783815711,0.009052241247682408,9086,83,4877,4292,44
0.05,0.7494819500490785,0.6681861627821484,0.9911658850474425,0.7982433025911286,0.49220198494928563,4656,4513,81,9088,45
0.1,0.8054313447486094,0.7260108143007021,0.9811320754716981,0.8345083487940631,0.3702693859744792,5774,3395,173,8996,45
0.15,0.8332969789508126,0.7613752993499829,0.9708801396008289,0.8534586069699439,0.30428618169920385,6379,2790,267,8902,45
0.2,0.8523284982004581,0.7881030946223134,0.9637910350092703,0.8671376704935727,0.2591340386083542,6793,2376,332,8837,45
0.25,0.8653615443341695,0.8097263313609467,0.9551750463518377,0.8764573430072554,0.22445195768349874,7111,2058,411,8758,45
0.3,0.8731595593848839,0.8271970928564598,0.9433962264150944,0.8814837460511566,0.19707710764532665,7362,1807,519,8650,45
0.35,0.8776311484349438,0.8408307904321292,0.931617406478351,0.8838990066225165,0.1763551096084633,7552,1617,627,8542,45
0.4,0.8807394481404733,0.8542723766998174,0.9180935761806086,0.8850339063239236,0.1566146798996619,7733,1436,751,8418,45
0.45,0.8818846111898789,0.865157993534258,0.9047878721779911,0.884529267512528,0.14101864979823317,7876,1293,873,8296,45
0.5,0.8830297742392845,0.8780409041980625,0.889628094666812,0.8837965220217779,0.12356854618824299,8036,1133,1012,8157,45
0.55,0.8833569636819718,0.8890856763338499,0.8759952012215072,0.8824918969400648,0.10928127385756353,8167,1002,1137,8032,45
0.6,0.8809575744355982,0.8997482261387045,0.8574544661358927,0.8780923661138103,0.09553931726469626,8293,876,1307,7862,45
0.65,0.8769767695495692,0.9103644782144129,0.8362962155087795,0.8717598908594816,0.08234267640964119,8414,755,1501,7668,45
0.7,0.8730504962373214,0.9224404100284056,0.8145926491438543,0.8651685393258427,0.06849165666921148,8541,628,1700,7469,45
0.75,0.8647616970225761,0.9342942475003246,0.7847093467117461,0.8529934795494961,0.05518595266659396,8663,506,1974,7195,45
0.8,0.8515105245937398,0.9432068206820682,0.7480641291307667,0.8343774709567544,0.04504307994328716,8756,413,2310,6859,45
0.85,0.8298614898025957,0.9551542513167796,0.6922237975787982,0.8027064626280511,0.03250081797360672,8871,298,2822,6347,45
0.9,0.7959428509106773,0.9677641785898983,0.6122805104155306,0.7500334001336005,0.020394808594176028,8982,187,3555,5614,45
0.95,0.7285418257170901,0.9813921433494142,0.46591776638673793,0.6318591924271557,0.008834114952557532,9088,81,4897,4272,45
0.05,0.7451194241465808,0.6643990929705216,0.9906205693096303,0.7953590192644483,0.5003817210164685,4581,4588,86,9083,46
0.1,0.8028683607808922,0.7234830194752937,0.9804776965863234,0.8326001389210466,0.37474097502453924,5733,3436,179,8990,46
0.15,0.8318791580325008,0.7597746286494793,0.970662013305704,0.8523679547957669,0.3069036972407024,6355,2814,269,8900,46
0.2,0.848075035445523,0.7846249888522251,0.9595375722543352,0.8633107643999608,0.26338750136328937,6754,2415,371,8798,46
0.25,0.861762460464609,0.8073573017049667,0.9502672047115279,0.8730023545914534,0.22674228378230996,7090,2079,456,8713,46
0.3,0.8693423492201985,0.8238500525963469,0.939579016250409,0.8779170488127993,0.200894317810012,7327,1842,554,8615,46
0.35,0.8735958119751336,0.8379871731623089,0.9262733122477915,0.8799212598425197,0.17908168829752427,7527,1642,676,8493,46
0.4,0.8773584905660378,0.8516974994917667,0.9138401134256735,0.8816751723049403,0.15912313229359798,7710,1459,790,8379,46
0.45,0.8811211691569418,0.8667996221265876,0.9006434725706184,0.8833975181857082,0.13840113425673464,7900,1269,911,8258,46
0.5,0.8822663322063474,0.8797399783315276,0.8855927582070019,0.8826566661231589,0.1210600937943069,8059,1110,1049,8120,46
0.55,0.8812302323045043,0.8899921901149169,0.8699967281055732,0.8798808735936466,0.1075362634965645,8183,986,1192,7977,46
0.6,0.8800305376813174,0.9011166110279728,0.8537463191187697,0.8767921146953405,0.09368524375613481,8310,859,1341,7828,46
0.65,0.8772494274184753,0.9117857142857143,0.8353146471807177,0.8718766008310092,0.08081579234376704,8428,741,1510,7659,46
0.7,0.8708692332860727,0.9223698919388896,0.8099029337986694,0.8624854819976772,0.06816446722652415,8544,625,1743,7426,46
0.75,0.8629076235140146,0.9335504885993485,0.7814374522848729,0.8507480408454049,0.055622205256843714,8659,510,2004,7165,46
0.8,0.8486748827571163,0.942920476586312,0.7422837823099575,0.8306584487703668,0.04493401679572472,8757,412,2363,6806,46
0.85,0.8302977423928455,0.9560307182653215,0.692441923873923,0.8031625553447186,0.031846439088232086,8877,292,2820,6349,46
0.9,0.795124877303959,0.967519004837595,0.6107536263496565,0.7488132646921174,0.020503871741738466,8981,188,3569,5600,46
0.95,0.7303413676518704,0.9808743169398907,0.4698440396989857,0.6353513752673107,0.009161304395244848,9085,84,4861,4308,46
